isbn,title,user,date
140067477,The Tao of Pooh,,
1414035004,The Adventures of Drew and Ellie: The Magical Dress,,
1552041778,Jane Doe,,
1558531025,Life's Little Instruction Book (Life's Little Instruction Books (Paperback)),,
1558746218,A Second Chicken Soup for the Woman's Soul (Chicken Soup for the Soul Series),,
156047624,All the King's Men,,
1567407781,The Witchfinder (Amos Walker Mystery Series),,
1569871213,Black Beauty (Illustrated Classics),,
1575663937,More Cunning Than Man: A Social History of Rats and Man,,
1841721522,New Vegetarian: Bold and Beautiful Recipes for Every Occasion,,
1853260053,Tess of the D'Urbervilles (Wordsworth Classics),,
1853262404,Heart of Darkness (Wordsworth Collection),,
1879384493,If I'd Known Then What I Know Now: Why Not Learn from the Mistakes of Others? : You Can't Afford to ...,,
1881320189,Goodbye to the Buttermilk Sky,,
195153448,Classical Mythology,,
20050189,Clara Callan,,
2070423204,Lieux dits,,
245542957,Pacific Northwest,,
312252617,Fast Women,,
312261594,Female Intelligence,,
312970242,The Angel Is Near,,
316748641,Pasquale's Nose: Idle Days in an Italian Town,,
316769487,The Catcher in the Rye,,
340767936,Turning Thirty,,
3442353866,Der Fluch der Kaiserin. Ein Richter- Di- Roman.,,
3442410665,Sturmzeit. Roman.,,
3442446937,Tage der Unschuld.,,
345260317,The Dragons of Eden: Speculations on the Evolution of Human Intelligence,,
345402871,Airframe,,
345417623,Timeline,,
345465083,Seabiscuit,,
374157065,Flu: The Story of the Great Influenza Pandemic of 1918 and the Search for the Virus That Caused It,,
375406328,Lying Awake,,
375410538,Anil's Ghost,,
375509038,The Right Man : The Surprise Presidency of George W. Bush,,
375759778,Prague : A Novel,,
380715899,A Soldier of the Great War,,
393045218,The Mummies of Urumchi,,
394743741,The yawning heights,,
394895894,"The Ruby in the Smoke (Sally Lockhart Trilogy, Book 1)",,
399135782,The Kitchen God's Wife,,
425163091,Chocolate Jesus,,
425176428,What If?: The World's Foremost Military Historians Imagine What Might Have Been,,
425182908,Isle of Dogs,,
439095026,Tell Me This Isn't Happening,,
440223571,This Year It Will Be Different: And Other Stories,,
440225701,The Street Lawyer,,
440234743,The Testament,,
441783589,Starship Troopers,,
446310786,To Kill a Mockingbird,,
449005615,Seabiscuit: An American Legend,,
451625889,The Prince,,
452264464,Beloved (Plume Contemporary Fiction),,
553062042,Daybreakers Louis Lamour Collection,,
553280333,Getting Well Again,,
553582747,From the Corner of His Eye,,
553582909,Icebound,,
60168013,Pigs in Heaven,,
60177586,Standing Firm: A Vice-Presidential Memoir,,
60914068,"Love, Medicine and Miracles",,
60930365,"My First Cousin Once Removed: Money, Madness, and the Family of Robert Lowell",,
60938412,The Accidental Virgin,,
60973129,Decision in Normandy,,
609804618,Our Dumb Century: The Onion Presents 100 Years of Headlines from America's Finest News Source,,
61076031,Mary-Kate & Ashley Switching Goals (Mary-Kate and Ashley Starring in),,
61099686,Downtown,,
671623249,LONESOME DOVE,,
671867156,Pretend You Don't See Her,,
671870432,PLEADING GUILTY,,
671888587,I'll Be Seeing You,,
679425608,Under the Black Flag: The Romance and the Reality of Life Among the Pirates,,
679429220,Midnight in the Garden of Good and Evil: A Savannah Story,,
679810307,Shabanu: Daughter of the Wind (Border Trilogy),,
679865691,Haveli (Laurel Leaf Books),,
684823802,OUT OF THE SILENT PLANET,,
689821166,Flood : Mississippi 1927,,
71416331,Team Bush : Leadership Lessons from the Bush White House,,
743403843,Decipher,,
771074670,Nights Below Station Street,,
804106304,The Joy Luck Club,,
812523873,Proxies,,
842342702,Left Behind: A Novel of the Earth's Last Days (Left Behind #1),,
8445071408,El Senor De Los Anillos: LA Comunidad Del Anillo (Lord of the Rings (Spanish)),,
8445071769,El Senor De Los Anillos: Las DOS Torres (Lord of the Rings (Paperback)),,
8445071777,"El Senor De Los Anillos: El Retorno Del Rey (Tolkien, J. R. R. Lord of the Rings. 3.)",,
887841740,The Middle Stories,,
961769947,Northwest Wines and Wineries,,
964778319,An Atmosphere of Eternity: Stories of India,,
966986105,Prescription for Terror,,
971880107,Wild Animus,,
